waktu_utc,waktu_wib,file_sumber,suhu_min_15km,suhu_min_30km,status,arah_relatif,jumlah_sel_signifikan,luas_sel_terbesar_km2,jarak_terdekat_km,initial_heading_deg,initial_speed_kmh,cell_lat,cell_lon,suhu_min_10km,suhu_min_20km,dbz_maks_radar
2026-09-06 18:50,2026-09-07 01:50,H09_B13_Indonesia_202609061850.nc,,,AMAN,-,0,,,,,,,13.52,9.99,
2026-09-06 19:00,2026-09-07 02:00,H09_B13_Indonesia_202609061900.nc,,,AMAN,-,0,,,,,,,12.82,9.99,
2026-09-06 19:10,2026-09-07 02:10,H09_B13_Indonesia_202609061910.nc,,,AMAN,-,0,,,,,,,12.59,10.34,
2026-09-06 20:40,2026-09-07 03:40,H09_B13_Indonesia_202609062040.nc,,,AMAN,-,0,,,,,,,10.71,8.62,
2026-09-06 20:50,2026-09-07 03:50,H09_B13_Indonesia_202609062050.nc,,,AMAN,-,0,,,,,,,11.43,8.0,
2026-09-06 21:00,2026-09-07 04:00,H09_B13_Indonesia_202609062100.nc,,,AMAN,-,0,,,,,,,11.06,9.03,
2026-09-06 21:10,2026-09-07 04:10,H09_B13_Indonesia_202609062110.nc,,,AMAN,-,0,,,,,,,11.03,9.99,
2026-09-06 21:20,2026-09-07 04:20,H09_B13_Indonesia_202609062120.nc,,,AMAN,-,0,,,,,,,11.2,10.19,
2026-09-06 22:10,2026-09-07 05:10,H09_B13_Indonesia_202609062210.nc,,,AMAN,-,0,,,,,,,11.46,10.08,
2026-09-06 22:20,2026-09-07 05:20,H09_B13_Indonesia_202609062220.nc,,,AMAN,-,0,,,,,,,10.88,9.35,
2026-09-06 22:30,2026-09-07 05:30,H09_B13_Indonesia_202609062230.nc,,,AMAN,-,0,,,,,,,10.4,9.35,
2026-09-06 22:40,2026-09-07 05:40,H09_B13_Indonesia_202609062240.nc,,,AMAN,-,0,,,,,,,9.15,9.15,
2026-09-06 22:50,2026-09-07 05:50,H09_B13_Indonesia_202609062250.nc,,,AMAN,-,0,,,,,,,9.26,8.71,
2026-09-07 00:10,2026-09-07 07:10,H09_B13_Indonesia_202609070010.nc,,,AMAN,-,0,,,,,,,9.38,8.29,
2026-09-07 00:20,2026-09-07 07:20,H09_B13_Indonesia_202609070020.nc,,,AMAN,-,0,,,,,,,9.73,7.91,
2026-09-07 00:30,2026-09-07 07:30,H09_B13_Indonesia_202609070030.nc,,,AMAN,-,0,,,,,,,10.34,8.0,
2026-09-07 01:40,2026-09-07 08:40,H09_B13_Indonesia_202609070140.nc,,,AMAN,-,0,,,,,,,9.38,8.88,
2026-09-07 01:50,2026-09-07 08:50,H09_B13_Indonesia_202609070150.nc,,,AMAN,-,0,,,,,,,10.54,9.41,
2026-09-07 02:00,2026-09-07 09:00,H09_B13_Indonesia_202609070200.nc,,,AMAN,-,0,,,,,,,11.63,9.55,
2026-09-07 02:10,2026-09-07 09:10,H09_B13_Indonesia_202609070210.nc,,,AMAN,-,0,,,,,,,11.11,9.64,
2026-09-07 02:20,2026-09-07 09:20,H09_B13_Indonesia_202609070220.nc,,,AMAN,-,0,,,,,,,11.43,8.53,
2026-09-07 02:30,2026-09-07 09:30,H09_B13_Indonesia_202609070230.nc,,,AMAN,-,0,,,,,,,12.11,8.56,
2026-09-07 02:40,2026-09-07 09:40,H09_B13_Indonesia_202609070240.nc,,,AMAN,-,0,,,,,,,13.07,9.41,
2026-09-07 03:00,2026-09-07 10:00,H09_B13_Indonesia_202609070300.nc,,,AMAN,-,0,,,,,,,12.65,10.11,
2026-09-07 03:10,2026-09-07 10:10,H09_B13_Indonesia_202609070310.nc,,,AMAN,-,0,,,,,,,11.37,10.51,
2026-09-07 03:20,2026-09-07 10:20,H09_B13_Indonesia_202609070320.nc,,,AMAN,-,0,,,,,,,12.28,10.31,
2026-09-07 03:30,2026-09-07 10:30,H09_B13_Indonesia_202609070330.nc,,,AMAN,-,0,,,,,,,13.86,11.2,
2026-09-07 04:30,2026-09-07 11:30,H09_B13_Indonesia_202609070430.nc,,,AMAN,-,0,,,,,,,18.62,9.96,
2026-09-07 04:40,2026-09-07 11:40,H09_B13_Indonesia_202609070440.nc,,,AMAN,-,0,,,,,,,16.55,9.87,
2026-09-07 04:50,2026-09-07 11:50,H09_B13_Indonesia_202609070450.nc,,,AMAN,-,0,,,,,,,18.03,10.34,
2026-09-07 05:00,2026-09-07 12:00,H09_B13_Indonesia_202609070500.nc,,,AMAN,-,0,,,,,,,16.58,10.63,
2026-09-07 05:10,2026-09-07 12:10,H09_B13_Indonesia_202609070510.nc,,,AMAN,-,0,,,,,,,16.39,10.42,
2026-09-07 09:30,2026-09-07 16:30,H09_B13_Indonesia_202609070930.nc,,,AMAN,-,0,,,,,,,19.18,14.02,
2026-09-07 09:40,2026-09-07 16:40,H09_B13_Indonesia_202609070940.nc,,,AMAN,-,0,,,,,,,19.15,13.38,
2026-09-07 09:50,2026-09-07 16:50,H09_B13_Indonesia_202609070950.nc,,,AMAN,-,0,,,,,,,19.04,13.32,
2026-09-07 10:00,2026-09-07 17:00,H09_B13_Indonesia_202609071000.nc,,,AMAN,-,0,,,,,,,18.86,13.74,
2026-09-07 10:20,2026-09-07 17:20,H09_B13_Indonesia_202609071020.nc,,,AMAN,-,0,,,,,,,16.31,13.91,
2026-09-07 12:40,2026-09-07 19:40,H09_B13_Indonesia_202609071240.nc,,,AMAN,-,0,,,,,,,16.01,13.32,
2026-09-07 12:50,2026-09-07 19:50,H09_B13_Indonesia_202609071250.nc,,,AMAN,-,0,,,,,,,16.39,13.41,
2026-09-07 13:00,2026-09-07 20:00,H09_B13_Indonesia_202609071300.nc,,,AMAN,-,0,,,,,,,16.03,13.49,
2026-09-07 13:10,2026-09-07 20:10,H09_B13_Indonesia_202609071310.nc,,,AMAN,-,0,,,,,,,15.18,13.35,
2026-09-07 13:20,2026-09-07 20:20,H09_B13_Indonesia_202609071320.nc,,,AMAN,-,0,,,,,,,14.11,12.96,
2026-09-07 13:30,2026-09-07 20:30,H09_B13_Indonesia_202609071330.nc,,,AMAN,-,0,,,,,,,14.55,12.85,
2026-09-07 13:40,2026-09-07 20:40,H09_B13_Indonesia_202609071340.nc,,,AMAN,-,0,,,,,,,14.25,12.85,
2026-09-07 13:50,2026-09-07 20:50,H09_B13_Indonesia_202609071350.nc,,,AMAN,-,0,,,,,,,16.17,12.88,
2026-09-07 14:00,2026-09-07 21:00,H09_B13_Indonesia_202609071400.nc,,,AMAN,-,0,,,,,,,14.58,12.57,
2026-09-07 14:10,2026-09-07 21:10,H09_B13_Indonesia_202609071410.nc,,,AMAN,-,0,,,,,,,14.08,12.54,
2026-09-07 14:20,2026-09-07 21:20,H09_B13_Indonesia_202609071420.nc,,,AMAN,-,0,,,,,,,14.16,12.25,
2026-09-07 14:30,2026-09-07 21:30,H09_B13_Indonesia_202609071430.nc,,,AMAN,-,0,,,,,,,13.6,12.57,
2026-09-07 14:40,2026-09-07 21:40,H09_B13_Indonesia_202609071440.nc,,,AMAN,-,0,,,,,,,14.25,12.45,
2026-09-07 15:00,2026-09-07 22:00,H09_B13_Indonesia_202609071500.nc,,,AMAN,-,0,,,,,,,15.18,12.28,
2026-09-07 15:10,2026-09-07 22:10,H09_B13_Indonesia_202609071510.nc,,,AMAN,-,0,,,,,,,15.57,12.03,
2026-09-07 15:20,2026-09-07 22:20,H09_B13_Indonesia_202609071520.nc,,,AMAN,-,0,,,,,,,13.74,12.08,
2026-09-07 15:30,2026-09-07 22:30,H09_B13_Indonesia_202609071530.nc,,,AMAN,-,0,,,,,,,14.19,12.06,
2026-09-07 15:40,2026-09-07 22:40,H09_B13_Indonesia_202609071540.nc,,,AMAN,-,0,,,,,,,15.07,12.03,
2026-09-07 15:50,2026-09-07 22:50,H09_B13_Indonesia_202609071550.nc,,,AMAN,-,0,,,,,,,15.62,12.0,
2026-09-07 16:00,2026-09-07 23:00,H09_B13_Indonesia_202609071600.nc,,,AMAN,-,0,,,,,,,16.12,12.14,
2026-09-07 19:10,2026-09-08 02:10,H09_B13_Indonesia_202609071910.nc,,,AMAN,-,0,,,,,,,12.79,9.15,
2026-09-07 19:20,2026-09-08 02:20,H09_B13_Indonesia_202609071920.nc,,,AMAN,-,0,,,,,,,12.54,9.64,
2026-09-07 19:30,2026-09-08 02:30,H09_B13_Indonesia_202609071930.nc,,,AMAN,-,0,,,,,,,12.65,9.64,
2026-09-07 19:40,2026-09-08 02:40,H09_B13_Indonesia_202609071940.nc,,,AMAN,-,0,,,,,,,12.4,9.99,
2026-09-07 19:50,2026-09-08 02:50,H09_B13_Indonesia_202609071950.nc,,,AMAN,-,0,,,,,,,12.68,9.64,
2026-09-07 22:10,2026-09-08 05:10,H09_B13_Indonesia_202609072210.nc,,,AMAN,-,0,,,,,,,11.09,8.76,
2026-09-07 22:20,2026-09-08 05:20,H09_B13_Indonesia_202609072220.nc,,,AMAN,-,0,,,,,,,12.96,9.99,
2026-09-07 22:30,2026-09-08 05:30,H09_B13_Indonesia_202609072230.nc,,,AMAN,-,0,,,,,,,12.99,9.67,
2026-09-07 22:40,2026-09-08 05:40,H09_B13_Indonesia_202609072240.nc,,,AMAN,-,0,,,,,,,13.35,8.85,
2026-09-07 22:50,2026-09-08 05:50,H09_B13_Indonesia_202609072250.nc,,,AMAN,-,0,,,,,,,12.45,8.65,
2026-09-08 00:10,2026-09-08 07:10,H09_B13_Indonesia_202609080010.nc,,,AMAN,-,0,,,,,,,12.42,10.13,
2026-09-08 00:20,2026-09-08 07:20,H09_B13_Indonesia_202609080020.nc,,,AMAN,-,0,,,,,,,13.86,9.32,
2026-09-08 00:30,2026-09-08 07:30,H09_B13_Indonesia_202609080030.nc,,,AMAN,-,0,,,,,,,13.35,9.58,
2026-09-08 00:40,2026-09-08 07:40,H09_B13_Indonesia_202609080040.nc,,,AMAN,-,0,,,,,,,13.94,9.61,
2026-09-08 04:40,2026-09-08 11:40,H09_B13_Indonesia_202609080440.nc,,,AMAN,-,0,,,,,,,16.66,14.55,
2026-09-08 04:50,2026-09-08 11:50,H09_B13_Indonesia_202609080450.nc,,,AMAN,-,0,,,,,,,16.44,13.52,
2026-09-08 05:00,2026-09-08 12:00,H09_B13_Indonesia_202609080500.nc,,,AMAN,-,0,,,,,,,16.14,12.65,
2026-09-08 05:10,2026-09-08 12:10,H09_B13_Indonesia_202609080510.nc,,,AMAN,-,0,,,,,,,15.98,11.49,
2026-09-08 05:20,2026-09-08 12:20,H09_B13_Indonesia_202609080520.nc,,,AMAN,-,0,,,,,,,15.62,12.4,
2026-09-08 09:00,2026-09-08 16:00,H09_B13_Indonesia_202609080900.nc,,,AMAN,-,0,,,,,,,16.01,5.35,
2026-09-08 09:10,2026-09-08 16:10,H09_B13_Indonesia_202609080910.nc,,,AMAN,-,0,,,,,,,15.32,5.81,
2026-09-08 09:20,2026-09-08 16:20,H09_B13_Indonesia_202609080920.nc,,,AMAN,-,0,,,,,,,15.68,7.25,
2026-09-08 09:30,2026-09-08 16:30,H09_B13_Indonesia_202609080930.nc,,,AMAN,-,0,,,,,,,14.96,8.53,
2026-09-08 09:40,2026-09-08 16:40,H09_B13_Indonesia_202609080940.nc,,,AMAN,-,0,,,,,,,13.66,8.73,
2026-09-08 11:00,2026-09-08 18:00,H09_B13_Indonesia_202609081100.nc,,,AMAN,-,0,,,,,,,12.08,8.85,
2026-09-08 11:10,2026-09-08 18:10,H09_B13_Indonesia_202609081110.nc,,,AMAN,-,0,,,,,,,10.45,8.03,
2026-09-08 11:20,2026-09-08 18:20,H09_B13_Indonesia_202609081120.nc,,,AMAN,-,0,,,,,,,8.38,8.15,
2026-09-08 11:30,2026-09-08 18:30,H09_B13_Indonesia_202609081130.nc,,,AMAN,-,0,,,,,,,10.54,9.23,
2026-09-08 11:40,2026-09-08 18:40,H09_B13_Indonesia_202609081140.nc,,,AMAN,-,0,,,,,,,10.86,9.79,
2026-09-08 11:50,2026-09-08 18:50,H09_B13_Indonesia_202609081150.nc,,,AMAN,-,0,,,,,,,9.61,9.61,
2026-09-08 12:00,2026-09-08 19:00,H09_B13_Indonesia_202609081200.nc,,,AMAN,-,0,,,,,,,8.29,8.29,
2026-09-08 12:10,2026-09-08 19:10,H09_B13_Indonesia_202609081210.nc,,,AMAN,-,0,,,,,,,7.55,7.55,
2026-09-08 12:20,2026-09-08 19:20,H09_B13_Indonesia_202609081220.nc,,,AMAN,-,0,,,,,,,6.41,6.41,
2026-09-08 12:30,2026-09-08 19:30,H09_B13_Indonesia_202609081230.nc,,,AMAN,-,0,,,,,,,6.26,6.26,
2026-09-08 12:40,2026-09-08 19:40,H09_B13_Indonesia_202609081240.nc,,,AMAN,-,0,,,,,,,7.64,6.14,
2026-09-08 12:50,2026-09-08 19:50,H09_B13_Indonesia_202609081250.nc,,,AMAN,-,0,,,,,,,7.55,6.11,
2026-09-08 13:10,2026-09-08 20:10,H09_B13_Indonesia_202609081310.nc,,,AMAN,-,0,,,,,,,8.06,5.51,
2026-09-08 13:20,2026-09-08 20:20,H09_B13_Indonesia_202609081320.nc,,,AMAN,-,0,,,,,,,7.82,2.95,
2026-09-08 13:30,2026-09-08 20:30,H09_B13_Indonesia_202609081330.nc,,,AMAN,-,0,,,,,,,1.11,1.11,
2026-09-08 13:40,2026-09-08 20:40,H09_B13_Indonesia_202609081340.nc,,,AMAN,-,0,,,,,,,4.0,0.98,
2026-09-08 13:50,2026-09-08 20:50,H09_B13_Indonesia_202609081350.nc,,,AMAN,-,0,,,,,,,6.83,1.33,
2026-09-08 14:00,2026-09-08 21:00,H09_B13_Indonesia_202609081400.nc,,,AMAN,-,0,,,,,,,7.46,0.89,
2026-09-08 14:10,2026-09-08 21:10,H09_B13_Indonesia_202609081410.nc,,,AMAN,-,0,,,,,,,8.59,5.96,
2026-09-08 14:20,2026-09-08 21:20,H09_B13_Indonesia_202609081420.nc,,,WASPADA,-,1,5.2,18.7,,,-8.058647572155897,114.26866356344604,8.82,7.28,25.0
2026-09-08 14:30,2026-09-08 21:30,H09_B13_Indonesia_202609081430.nc,,,WASPADA,-,1,5.2,18.7,,,-8.058647572155897,114.26866356344604,9.29,7.61,25.0
2026-09-08 14:40,2026-09-08 21:40,H09_B13_Indonesia_202609081440.nc,,,WASPADA,-,1,5.2,18.7,270.0,0.0,-8.058647572155897,114.26866356344604,9.32,7.58,25.0
2026-09-08 15:10,2026-09-08 22:10,H09_B13_Indonesia_202609081510.nc,,,AMAN,-,0,,,,,,,9.67,7.28,
2026-09-08 15:20,2026-09-08 22:20,H09_B13_Indonesia_202609081520.nc,,,AMAN,-,0,,,,,,,9.9,8.03,
2026-09-08 15:30,2026-09-08 22:30,H09_B13_Indonesia_202609081530.nc,,,AMAN,-,0,,,,,,,9.9,8.41,
2026-09-08 15:40,2026-09-08 22:40,H09_B13_Indonesia_202609081540.nc,,,AMAN,-,0,,,,,,,11.37,9.06,
2026-09-08 15:50,2026-09-08 22:50,H09_B13_Indonesia_202609081550.nc,,,AMAN,-,0,,,,,,,12.28,8.62,
2026-09-08 16:00,2026-09-08 23:00,H09_B13_Indonesia_202609081600.nc,,,AMAN,-,0,,,,,,,11.94,5.96,
2026-09-08 16:10,2026-09-08 23:10,H09_B13_Indonesia_202609081610.nc,,,AMAN,-,0,,,,,,,11.77,7.76,
2026-09-08 16:20,2026-09-08 23:20,H09_B13_Indonesia_202609081620.nc,,,AMAN,-,0,,,,,,,10.63,7.73,
2026-09-08 16:30,2026-09-08 23:30,H09_B13_Indonesia_202609081630.nc,,,AMAN,-,0,,,,,,,10.71,8.56,
2026-09-08 16:40,2026-09-08 23:40,H09_B13_Indonesia_202609081640.nc,,,AMAN,-,0,,,,,,,9.58,7.85,
2026-09-08 16:50,2026-09-08 23:50,H09_B13_Indonesia_202609081650.nc,,,AMAN,-,0,,,,,,,9.0,6.92,
2026-09-08 17:00,2026-09-09 00:00,H09_B13_Indonesia_202609081700.nc,,,AMAN,-,0,,,,,,,9.15,6.71,
2026-09-08 17:10,2026-09-09 00:10,H09_B13_Indonesia_202609081710.nc,,,AMAN,-,0,,,,,,,10.48,7.25,
2026-09-08 17:30,2026-09-09 00:30,H09_B13_Indonesia_202609081730.nc,,,WASPADA,-,1,12.1,18.4,,,-8.293578879565167,114.56104138503254,11.09,8.23,20.0
2026-09-08 17:40,2026-09-09 00:40,H09_B13_Indonesia_202609081740.nc,,,WASPADA,-,1,12.1,18.4,0.0,0.0,-8.293578879565167,114.56104138503254,11.94,8.41,20.0
2026-09-08 17:50,2026-09-09 00:50,H09_B13_Indonesia_202609081750.nc,,,WASPADA,-,1,12.1,18.4,,,-8.293578879565167,114.56104138503254,12.79,8.79,20.0
2026-09-08 18:00,2026-09-09 01:00,H09_B13_Indonesia_202609081800.nc,,,AMAN,-,0,,,,,,,11.86,9.2,
2026-09-08 18:10,2026-09-09 01:10,H09_B13_Indonesia_202609081810.nc,,,AMAN,-,0,,,,,,,12.48,9.7,
2026-09-08 18:20,2026-09-09 01:20,H09_B13_Indonesia_202609081820.nc,,,AMAN,-,0,,,,,,,12.11,9.76,
2026-09-08 18:30,2026-09-09 01:30,H09_B13_Indonesia_202609081830.nc,,,AMAN,-,0,,,,,,,12.03,9.41,
2026-09-08 18:40,2026-09-09 01:40,H09_B13_Indonesia_202609081840.nc,,,AMAN,-,0,,,,,,,13.46,9.73,
2026-09-08 18:50,2026-09-09 01:50,H09_B13_Indonesia_202609081850.nc,,,AMAN,-,0,,,,,,,13.49,10.34,
2026-09-08 19:00,2026-09-09 02:00,H09_B13_Indonesia_202609081900.nc,,,AMAN,-,0,,,,,,,13.91,10.54,
2026-09-08 19:10,2026-09-09 02:10,H09_B13_Indonesia_202609081910.nc,,,AMAN,-,0,,,,,,,13.38,10.94,
2026-09-08 19:20,2026-09-09 02:20,H09_B13_Indonesia_202609081920.nc,,,AMAN,-,0,,,,,,,12.4,11.29,
2026-09-08 19:30,2026-09-09 02:30,H09_B13_Indonesia_202609081930.nc,,,AMAN,-,0,,,,,,,13.77,11.37,
2026-09-08 19:40,2026-09-09 02:40,H09_B13_Indonesia_202609081940.nc,,,AMAN,-,0,,,,,,,16.71,11.66,
2026-09-08 19:50,2026-09-09 02:50,H09_B13_Indonesia_202609081950.nc,,,AMAN,-,0,,,,,,,15.51,12.28,
2026-09-08 20:00,2026-09-09 03:00,H09_B13_Indonesia_202609082000.nc,,,AMAN,-,0,,,,,,,15.51,13.38,
2026-09-08 20:10,2026-09-09 03:10,H09_B13_Indonesia_202609082010.nc,,,AMAN,-,0,,,,,,,15.68,14.0,
2026-09-08 21:10,2026-09-09 04:10,H09_B13_Indonesia_202609082110.nc,,,AMAN,-,0,,,,,,,13.1,13.04,
2026-09-08 21:20,2026-09-09 04:20,H09_B13_Indonesia_202609082120.nc,,,AMAN,-,0,,,,,,,13.1,12.9,
2026-09-08 21:30,2026-09-09 04:30,H09_B13_Indonesia_202609082130.nc,,,AMAN,-,0,,,,,,,12.62,12.62,
2026-09-08 21:40,2026-09-09 04:40,H09_B13_Indonesia_202609082140.nc,,,WASPADA,-,1,9.3,12.4,,,-8.272622565758706,114.47064976843518,13.86,12.06,25.0
2026-09-08 21:50,2026-09-09 04:50,H09_B13_Indonesia_202609082150.nc,,,WASPADA,-,1,9.3,13.2,,,-8.272622565758706,114.49064976843518,12.68,10.31,25.0
2026-09-08 22:00,2026-09-09 05:00,H09_B13_Indonesia_202609082200.nc,,,WASPADA,-,1,9.3,13.2,,,-8.272622565758706,114.49064976843518,11.97,9.61,25.0
2026-09-08 22:10,2026-09-09 05:10,H09_B13_Indonesia_202609082210.nc,,,WASPADA,-,1,9.3,13.2,,,-8.272622565758706,114.49064976843518,12.9,10.34,25.0
2026-09-08 22:20,2026-09-09 05:20,H09_B13_Indonesia_202609082220.nc,,,AMAN,-,0,,,,,,,12.25,11.43,
2026-09-08 22:30,2026-09-09 05:30,H09_B13_Indonesia_202609082230.nc,,,AMAN,-,0,,,,,,,13.18,12.48,
2026-09-08 23:10,2026-09-09 06:10,H09_B13_Indonesia_202609082310.nc,,,AMAN,-,0,,,,,,,12.57,11.29,
2026-09-08 23:20,2026-09-09 06:20,H09_B13_Indonesia_202609082320.nc,,,AMAN,-,0,,,,,,,12.03,11.37,
2026-09-08 23:30,2026-09-09 06:30,H09_B13_Indonesia_202609082330.nc,,,AMAN,-,0,,,,,,,12.54,10.86,
2026-09-08 23:40,2026-09-09 06:40,H09_B13_Indonesia_202609082340.nc,,,AMAN,-,0,,,,,,,12.82,10.91,
2026-09-08 23:50,2026-09-09 06:50,H09_B13_Indonesia_202609082350.nc,,,AMAN,-,0,,,,,,,14.05,11.23,
2026-09-09 00:10,2026-09-09 07:10,H09_B13_Indonesia_202609090010.nc,,,AMAN,-,0,,,,,,,13.02,10.88,
2026-09-09 00:20,2026-09-09 07:20,H09_B13_Indonesia_202609090020.nc,,,AMAN,-,0,,,,,,,14.41,11.54,
2026-09-09 00:30,2026-09-09 07:30,H09_B13_Indonesia_202609090030.nc,,,AMAN,-,0,,,,,,,14.33,11.57,
2026-09-09 00:40,2026-09-09 07:40,H09_B13_Indonesia_202609090040.nc,,,AMAN,-,0,,,,,,,14.13,12.57,
2026-09-09 04:40,2026-09-09 11:40,H09_B13_Indonesia_202609090440.nc,,,AMAN,-,0,,,,,,,13.16,10.68,
2026-09-09 04:50,2026-09-09 11:50,H09_B13_Indonesia_202609090450.nc,,,AMAN,-,0,,,,,,,14.94,10.28,
2026-09-09 05:00,2026-09-09 12:00,H09_B13_Indonesia_202609090500.nc,,,AMAN,-,0,,,,,,,14.3,8.73,
2026-09-09 05:10,2026-09-09 12:10,H09_B13_Indonesia_202609090510.nc,,,AMAN,-,0,,,,,,,10.68,2.98,
2026-09-09 05:20,2026-09-09 12:20,H09_B13_Indonesia_202609090520.nc,,,AMAN,-,0,,,,,,,7.22,2.32,
2026-09-09 09:10,2026-09-09 16:10,H09_B13_Indonesia_202609090910.nc,,,AMAN,-,0,,,,,,,11.66,11.66,
2026-09-09 09:20,2026-09-09 16:20,H09_B13_Indonesia_202609090920.nc,,,AMAN,-,0,,,,,,,11.94,11.8,
2026-09-09 09:30,2026-09-09 16:30,H09_B13_Indonesia_202609090930.nc,,,AMAN,-,0,,,,,,,12.34,10.48,
2026-09-09 09:40,2026-09-09 16:40,H09_B13_Indonesia_202609090940.nc,,,AMAN,-,0,,,,,,,13.63,9.99,
2026-09-09 09:50,2026-09-09 16:50,H09_B13_Indonesia_202609090950.nc,,,AMAN,-,0,,,,,,,11.09,10.54,
2026-09-09 12:40,2026-09-09 19:40,H09_B13_Indonesia_202609091240.nc,,,AMAN,-,0,,,,,,,12.79,12.62,
2026-09-09 12:50,2026-09-09 19:50,H09_B13_Indonesia_202609091250.nc,,,AMAN,-,0,,,,,,,12.79,12.59,
2026-09-09 13:00,2026-09-09 20:00,H09_B13_Indonesia_202609091300.nc,,,AMAN,-,0,,,,,,,12.93,12.28,
2026-09-09 13:10,2026-09-09 20:10,H09_B13_Indonesia_202609091310.nc,,,AMAN,-,0,,,,,,,12.68,12.17,
2026-09-09 13:20,2026-09-09 20:20,H09_B13_Indonesia_202609091320.nc,,,AMAN,-,0,,,,,,,13.1,12.2,
2026-09-09 13:30,2026-09-09 20:30,H09_B13_Indonesia_202609091330.nc,,,AMAN,-,0,,,,,,,13.38,12.23,
2026-09-09 13:40,2026-09-09 20:40,H09_B13_Indonesia_202609091340.nc,,,AMAN,-,0,,,,,,,14.0,12.11,
2026-09-09 13:50,2026-09-09 20:50,H09_B13_Indonesia_202609091350.nc,,,AMAN,-,0,,,,,,,14.58,12.31,
2026-09-09 14:00,2026-09-09 21:00,H09_B13_Indonesia_202609091400.nc,,,AMAN,-,0,,,,,,,14.96,12.88,
2026-09-09 16:00,2026-09-09 23:00,H09_B13_Indonesia_202609091600.nc,,,AMAN,-,0,,,,,,,15.13,7.1,
2026-09-09 16:10,2026-09-09 23:10,H09_B13_Indonesia_202609091610.nc,,,AMAN,-,0,,,,,,,13.02,8.29,
2026-09-09 16:20,2026-09-09 23:20,H09_B13_Indonesia_202609091620.nc,,,AMAN,-,0,,,,,,,8.94,-1.15,
2026-09-09 16:30,2026-09-09 23:30,H09_B13_Indonesia_202609091630.nc,,,AMAN,-,0,,,,,,,4.77,-2.24,
2026-09-09 16:40,2026-09-09 23:40,H09_B13_Indonesia_202609091640.nc,,,AMAN,-,0,,,,,,,1.11,0.95,
2026-09-09 16:50,2026-09-09 23:50,H09_B13_Indonesia_202609091650.nc,,,AMAN,-,0,,,,,,,0.08,-0.08,
2026-09-09 17:00,2026-09-10 00:00,H09_B13_Indonesia_202609091700.nc,,,AMAN,-,0,,,,,,,-3.35,-3.35,
2026-09-09 17:10,2026-09-10 00:10,H09_B13_Indonesia_202609091710.nc,,,AMAN,-,0,,,,,,,-6.29,-6.29,
2026-09-09 17:20,2026-09-10 00:20,H09_B13_Indonesia_202609091720.nc,,,AMAN,-,0,,,,,,,2.85,-5.01,
2026-09-09 17:30,2026-09-10 00:30,H09_B13_Indonesia_202609091730.nc,,,AMAN,-,0,,,,,,,4.19,1.43,
2026-09-09 17:40,2026-09-10 00:40,H09_B13_Indonesia_202609091740.nc,,,AMAN,-,0,,,,,,,8.71,2.13,
2026-09-09 17:50,2026-09-10 00:50,H09_B13_Indonesia_202609091750.nc,,,AMAN,-,0,,,,,,,9.7,3.04,
2026-09-09 18:00,2026-09-10 01:00,H09_B13_Indonesia_202609091800.nc,,,AMAN,-,0,,,,,,,7.22,7.22,
2026-09-09 18:10,2026-09-10 01:10,H09_B13_Indonesia_202609091810.nc,,,AMAN,-,0,,,,,,,5.54,5.23,
2026-09-09 19:20,2026-09-10 02:20,H09_B13_Indonesia_202609091920.nc,,,AMAN,-,0,,,,,,,16.42,13.58,
2026-09-09 19:30,2026-09-10 02:30,H09_B13_Indonesia_202609091930.nc,,,AMAN,-,0,,,,,,,16.03,13.52,
2026-09-09 19:40,2026-09-10 02:40,H09_B13_Indonesia_202609091940.nc,,,AMAN,-,0,,,,,,,15.54,13.04,
2026-09-09 19:50,2026-09-10 02:50,H09_B13_Indonesia_202609091950.nc,,,AMAN,-,0,,,,,,,15.9,13.27,
2026-09-09 20:00,2026-09-10 03:00,H09_B13_Indonesia_202609092000.nc,,,AMAN,-,0,,,,,,,15.49,13.38,
2026-09-10 00:10,2026-09-10 07:10,H09_B13_Indonesia_202609100010.nc,,,AMAN,-,0,,,,,,,15.87,12.14,
2026-09-10 00:20,2026-09-10 07:20,H09_B13_Indonesia_202609100020.nc,,,AMAN,-,0,,,,,,,15.82,12.34,
2026-09-10 00:30,2026-09-10 07:30,H09_B13_Indonesia_202609100030.nc,,,AMAN,-,0,,,,,,,17.15,12.06,
2026-09-10 04:40,2026-09-10 11:40,H09_B13_Indonesia_202609100440.nc,,,AMAN,-,0,,,,,,,18.41,12.4,
2026-09-10 04:50,2026-09-10 11:50,H09_B13_Indonesia_202609100450.nc,,,AMAN,-,0,,,,,,,18.43,12.11,
2026-09-10 05:00,2026-09-10 12:00,H09_B13_Indonesia_202609100500.nc,,,AMAN,-,0,,,,,,,17.74,11.71,
2026-09-10 05:10,2026-09-10 12:10,H09_B13_Indonesia_202609100510.nc,,,AMAN,-,0,,,,,,,18.06,12.03,
2026-09-10 05:20,2026-09-10 12:20,H09_B13_Indonesia_202609100520.nc,,,AMAN,-,0,,,,,,,17.04,11.74,
2026-09-10 09:00,2026-09-10 16:00,H09_B13_Indonesia_202609100900.nc,,,AMAN,-,0,,,,,,,16.31,12.28,
2026-09-10 09:10,2026-09-10 16:10,H09_B13_Indonesia_202609100910.nc,,,AMAN,-,0,,,,,,,16.55,12.0,
2026-09-10 09:20,2026-09-10 16:20,H09_B13_Indonesia_202609100920.nc,,,AMAN,-,0,,,,,,,15.73,11.89,
2026-09-10 09:30,2026-09-10 16:30,H09_B13_Indonesia_202609100930.nc,,,AMAN,-,0,,,,,,,18.03,11.8,
2026-09-10 09:40,2026-09-10 16:40,H09_B13_Indonesia_202609100940.nc,,,AMAN,-,0,,,,,,,17.47,11.69,
2026-09-10 12:10,2026-09-10 19:10,H09_B13_Indonesia_202609101210.nc,,,AMAN,-,0,,,,,,,15.6,11.97,
2026-09-10 12:20,2026-09-10 19:20,H09_B13_Indonesia_202609101220.nc,,,AMAN,-,0,,,,,,,15.57,12.06,
2026-09-10 12:30,2026-09-10 19:30,H09_B13_Indonesia_202609101230.nc,,,AMAN,-,0,,,,,,,15.43,12.31,
2026-09-10 12:40,2026-09-10 19:40,H09_B13_Indonesia_202609101240.nc,,,AMAN,-,0,,,,,,,15.16,12.37,
2026-09-10 12:50,2026-09-10 19:50,H09_B13_Indonesia_202609101250.nc,,,AMAN,-,0,,,,,,,14.99,12.31,
2026-09-10 13:00,2026-09-10 20:00,H09_B13_Indonesia_202609101300.nc,,,AMAN,-,0,,,,,,,15.65,12.4,
2026-09-10 13:10,2026-09-10 20:10,H09_B13_Indonesia_202609101310.nc,,,AMAN,-,0,,,,,,,15.73,12.17,
2026-09-10 13:20,2026-09-10 20:20,H09_B13_Indonesia_202609101320.nc,,,AMAN,-,0,,,,,,,15.51,12.45,
2026-09-10 13:30,2026-09-10 20:30,H09_B13_Indonesia_202609101330.nc,,,AMAN,-,0,,,,,,,16.06,12.54,
2026-09-10 13:40,2026-09-10 20:40,H09_B13_Indonesia_202609101340.nc,,,AMAN,-,0,,,,,,,15.51,12.57,
2026-09-10 13:50,2026-09-10 20:50,H09_B13_Indonesia_202609101350.nc,,,AMAN,-,0,,,,,,,15.82,8.09,
2026-09-10 14:00,2026-09-10 21:00,H09_B13_Indonesia_202609101400.nc,,,AMAN,-,0,,,,,,,12.25,9.96,
2026-09-10 14:10,2026-09-10 21:10,H09_B13_Indonesia_202609101410.nc,,,AMAN,-,0,,,,,,,11.83,11.6,
2026-09-10 14:20,2026-09-10 21:20,H09_B13_Indonesia_202609101420.nc,,,AMAN,-,0,,,,,,,14.33,6.05,
2026-09-10 14:30,2026-09-10 21:30,H09_B13_Indonesia_202609101430.nc,,,AMAN,-,0,,,,,,,5.81,3.48,
2026-09-10 14:40,2026-09-10 21:40,H09_B13_Indonesia_202609101440.nc,,,AMAN,-,0,,,,,,,2.6,-1.75,
2026-09-10 15:00,2026-09-10 22:00,H09_B13_Indonesia_202609101500.nc,,,AMAN,-,0,,,,,,,7.97,-4.6,
2026-09-10 15:10,2026-09-10 22:10,H09_B13_Indonesia_202609101510.nc,,,AMAN,-,0,,,,,,,9.32,7.52,
2026-09-10 15:20,2026-09-10 22:20,H09_B13_Indonesia_202609101520.nc,,,AMAN,-,0,,,,,,,10.88,10.88,
2026-09-10 15:30,2026-09-10 22:30,H09_B13_Indonesia_202609101530.nc,,,AMAN,-,0,,,,,,,13.72,9.64,
2026-09-10 15:40,2026-09-10 22:40,H09_B13_Indonesia_202609101540.nc,,,AMAN,-,0,,,,,,,12.79,12.14,
2026-09-10 15:50,2026-09-10 22:50,H09_B13_Indonesia_202609101550.nc,,,AMAN,-,0,,,,,,,15.32,10.88,
2026-09-10 16:00,2026-09-10 23:00,H09_B13_Indonesia_202609101600.nc,,,AMAN,-,0,,,,,,,16.39,9.44,
2026-09-10 16:10,2026-09-10 23:10,H09_B13_Indonesia_202609101610.nc,,,AMAN,-,0,,,,,,,16.79,9.44,
2026-09-10 16:20,2026-09-10 23:20,H09_B13_Indonesia_202609101620.nc,,,AMAN,-,0,,,,,,,13.32,7.1,
2026-09-10 16:30,2026-09-10 23:30,H09_B13_Indonesia_202609101630.nc,,,AMAN,-,0,,,,,,,14.3,7.97,
2026-09-10 16:40,2026-09-10 23:40,H09_B13_Indonesia_202609101640.nc,,,AMAN,-,0,,,,,,,15.32,10.22,
2026-09-10 16:50,2026-09-10 23:50,H09_B13_Indonesia_202609101650.nc,,,AMAN,-,0,,,,,,,15.57,13.49,
2026-09-10 17:00,2026-09-11 00:00,H09_B13_Indonesia_202609101700.nc,,,AMAN,-,0,,,,,,,16.12,13.44,
2026-09-10 17:10,2026-09-11 00:10,H09_B13_Indonesia_202609101710.nc,,,AMAN,-,0,,,,,,,16.33,13.66,
2026-09-10 19:00,2026-09-11 02:00,H09_B13_Indonesia_202609101900.nc,,,AMAN,-,0,,,,,,,13.52,12.85,
2026-09-10 19:10,2026-09-11 02:10,H09_B13_Indonesia_202609101910.nc,,,AMAN,-,0,,,,,,,14.08,11.43,
2026-09-10 19:20,2026-09-11 02:20,H09_B13_Indonesia_202609101920.nc,,,AMAN,-,0,,,,,,,15.98,11.71,
2026-09-10 19:30,2026-09-11 02:30,H09_B13_Indonesia_202609101930.nc,,,AMAN,-,0,,,,,,,16.01,10.86,
2026-09-10 19:40,2026-09-11 02:40,H09_B13_Indonesia_202609101940.nc,,,AMAN,-,0,,,,,,,15.98,11.26,
2026-09-10 21:10,2026-09-11 04:10,H09_B13_Indonesia_202609102110.nc,,,AMAN,-,0,,,,,,,10.68,8.59,
2026-09-10 21:20,2026-09-11 04:20,H09_B13_Indonesia_202609102120.nc,,,AMAN,-,0,,,,,,,13.35,10.25,
2026-09-10 21:30,2026-09-11 04:30,H09_B13_Indonesia_202609102130.nc,,,AMAN,-,0,,,,,,,14.83,11.23,
2026-09-10 21:40,2026-09-11 04:40,H09_B13_Indonesia_202609102140.nc,,,AMAN,-,0,,,,,,,16.09,11.37,
2026-09-10 21:50,2026-09-11 04:50,H09_B13_Indonesia_202609102150.nc,,,AMAN,-,0,,,,,,,17.15,12.23,
2026-09-11 00:10,2026-09-11 07:10,H09_B13_Indonesia_202609110010.nc,,,AMAN,-,0,,,,,,,15.71,13.66,
2026-09-11 02:00,2026-09-11 09:00,H09_B13_Indonesia_202609110200.nc,,,AMAN,-,0,,,,,,,18.51,15.1,
2026-09-11 02:10,2026-09-11 09:10,H09_B13_Indonesia_202609110210.nc,,,AMAN,-,0,,,,,,,19.47,14.52,
2026-09-11 02:20,2026-09-11 09:20,H09_B13_Indonesia_202609110220.nc,,,AMAN,-,0,,,,,,,18.96,15.57,
2026-09-11 02:30,2026-09-11 09:30,H09_B13_Indonesia_202609110230.nc,,,AMAN,-,0,,,,,,,20.07,15.9,
2026-09-11 02:40,2026-09-11 09:40,H09_B13_Indonesia_202609110240.nc,,,AMAN,-,0,,,,,,,19.91,15.46,
2026-09-11 03:00,2026-09-11 10:00,H09_B13_Indonesia_202609110300.nc,,,AMAN,-,0,,,,,,,18.38,13.83,
2026-09-11 03:10,2026-09-11 10:10,H09_B13_Indonesia_202609110310.nc,,,AMAN,-,0,,,,,,,18.27,12.85,
2026-09-11 03:20,2026-09-11 10:20,H09_B13_Indonesia_202609110320.nc,,,AMAN,-,0,,,,,,,17.58,12.85,
2026-09-11 03:30,2026-09-11 10:30,H09_B13_Indonesia_202609110330.nc,,,AMAN,-,0,,,,,,,19.23,12.88,
2026-09-11 03:40,2026-09-11 10:40,H09_B13_Indonesia_202609110340.nc,,,AMAN,-,0,,,,,,,16.42,12.79,
2026-09-11 03:50,2026-09-11 10:50,H09_B13_Indonesia_202609110350.nc,,,AMAN,-,0,,,,,,,16.88,12.76,
2026-09-11 04:10,2026-09-11 11:10,H09_B13_Indonesia_202609110410.nc,,,AMAN,-,0,,,,,,,18.01,12.73,
2026-09-11 04:20,2026-09-11 11:20,H09_B13_Indonesia_202609110420.nc,,,AMAN,-,0,,,,,,,17.82,12.48,
2026-09-11 04:30,2026-09-11 11:30,H09_B13_Indonesia_202609110430.nc,,,AMAN,-,0,,,,,,,17.87,11.97,
2026-09-11 04:40,2026-09-11 11:40,H09_B13_Indonesia_202609110440.nc,,,AMAN,-,0,,,,,,,17.15,12.2,
2026-09-11 04:50,2026-09-11 11:50,H09_B13_Indonesia_202609110450.nc,,,AMAN,-,0,,,,,,,18.46,12.88,
2026-09-11 05:10,2026-09-11 12:10,H09_B13_Indonesia_202609110510.nc,,,AMAN,-,0,,,,,,,18.03,13.13,
2026-09-11 05:20,2026-09-11 12:20,H09_B13_Indonesia_202609110520.nc,,,AMAN,-,0,,,,,,,16.88,13.1,
2026-09-11 05:30,2026-09-11 12:30,H09_B13_Indonesia_202609110530.nc,,,AMAN,-,0,,,,,,,16.03,12.9,
2026-09-11 05:40,2026-09-11 12:40,H09_B13_Indonesia_202609110540.nc,,,AMAN,-,0,,,,,,,16.79,12.88,
2026-09-11 05:50,2026-09-11 12:50,H09_B13_Indonesia_202609110550.nc,,,AMAN,-,0,,,,,,,17.07,12.73,
2026-09-11 06:00,2026-09-11 13:00,H09_B13_Indonesia_202609110600.nc,,,AMAN,-,0,,,,,,,16.79,12.31,
2026-09-11 06:10,2026-09-11 13:10,H09_B13_Indonesia_202609110610.nc,,,AMAN,-,0,,,,,,,18.09,11.2,
2026-09-11 06:20,2026-09-11 13:20,H09_B13_Indonesia_202609110620.nc,,,AMAN,-,0,,,,,,,16.9,11.97,
2026-09-11 06:30,2026-09-11 13:30,H09_B13_Indonesia_202609110630.nc,,,AMAN,-,0,,,,,,,17.23,12.25,
2026-09-11 06:40,2026-09-11 13:40,H09_B13_Indonesia_202609110640.nc,,,AMAN,-,0,,,,,,,18.35,12.34,
2026-09-11 06:50,2026-09-11 13:50,H09_B13_Indonesia_202609110650.nc,,,AMAN,-,0,,,,,,,17.42,12.03,
2026-09-11 07:00,2026-09-11 14:00,H09_B13_Indonesia_202609110700.nc,,,AMAN,-,0,,,,,,,16.5,12.45,
2026-09-11 08:20,2026-09-11 15:20,H09_B13_Indonesia_202609110820.nc,,,AMAN,-,0,,,,,,,13.88,12.68,
2026-09-11 08:30,2026-09-11 15:30,H09_B13_Indonesia_202609110830.nc,,,AMAN,-,0,,,,,,,13.44,12.99,
2026-09-11 08:40,2026-09-11 15:40,H09_B13_Indonesia_202609110840.nc,,,AMAN,-,0,,,,,,,13.63,13.16,
2026-09-11 08:50,2026-09-11 15:50,H09_B13_Indonesia_202609110850.nc,,,AMAN,-,0,,,,,,,14.3,13.16,
2026-09-11 09:00,2026-09-11 16:00,H09_B13_Indonesia_202609110900.nc,,,AMAN,-,0,,,,,,,12.76,12.76,
2026-09-11 09:10,2026-09-11 16:10,H09_B13_Indonesia_202609110910.nc,,,WASPADA,-,1,502.6,18.7,,,-8.119999885559082,114.08000183105467,12.96,12.76,
2026-09-11 09:20,2026-09-11 16:20,H09_B13_Indonesia_202609110920.nc,,,WASPADA,-,1,1118.6,19.0,,,-8.039999961853027,113.81999969482422,13.24,12.45,
2026-09-11 09:30,2026-09-11 16:30,H09_B13_Indonesia_202609110930.nc,,,WASPADA,-,1,1074.2,18.7,,,-8.039999961853027,113.83999633789062,13.44,11.91,
2026-09-11 09:40,2026-09-11 16:40,H09_B13_Indonesia_202609110940.nc,,,WASPADA,-,1,448.4,19.0,,,-8.140000343322754,114.08000183105467,13.86,12.31,
2026-09-11 09:50,2026-09-11 16:50,H09_B13_Indonesia_202609110950.nc,,,WASPADA,-,1,448.4,19.0,90.0,0.0,-8.140000343322754,114.08000183105467,13.66,12.08,
2026-09-11 10:00,2026-09-11 17:00,H09_B13_Indonesia_202609111000.nc,,,WASPADA,-,1,473.1,19.5,0.0,13.3,-8.119999885559082,114.08000183105467,13.72,11.89,
2026-09-11 10:10,2026-09-11 17:10,H09_B13_Indonesia_202609111010.nc,,,WASPADA,-,1,1626.1,19.5,,,-7.900000095367432,113.68000030517578,13.6,12.57,
2026-09-11 10:20,2026-09-11 17:20,H09_B13_Indonesia_202609111020.nc,,,WASPADA,-,1,428.7,19.5,,,-8.119999885559082,114.08000183105467,14.58,12.68,
2026-09-11 10:30,2026-09-11 17:30,H09_B13_Indonesia_202609111030.nc,,,WASPADA,-,1,64.1,14.3,,,-8.15999984741211,114.26000213623048,13.8,11.86,
2026-09-11 10:40,2026-09-11 17:40,H09_B13_Indonesia_202609111040.nc,,,WASPADA,-,1,532.2,16.5,,,-8.119999885559082,114.0999984741211,13.44,11.66,
2026-09-11 10:50,2026-09-11 17:50,H09_B13_Indonesia_202609111050.nc,,,WASPADA,-,1,556.8,16.5,90.0,13.2,-8.119999885559082,114.12000274658205,13.27,11.51,
2026-09-11 11:00,2026-09-11 18:00,H09_B13_Indonesia_202609111100.nc,,,WASPADA,-,2,482.9,10.4,225.0,18.7,-8.140000343322754,114.0999984741211,14.36,11.57,
